columns,hits,n_cols,score,table
id|company_id|company_name|code|a_code|b_code|h_code|pub_date|start_date|end_date|report_date|report_type|source_id|source|deposit_in_ib|cash_equivalents|deposit_client|cash_in_cb|settlement_provi|settlement_provi_client|metal|lend_capital|fairvalue_fianancial_asset|other_grow_asset|bought_sellback_assets|interest_receivable|insurance_receivables|recover_receivable|separate_receivable|not_time_fund|not_decide_fund|response_fund|health_fund|margin_loan|deposit_period|loan_and_advance|margin_out|agent_asset|investment_reveiable|advance_payment|hold_for_sale_assets|hold_to_maturity_investments|longterm_equity_invest|finance_out|capital_margin_out|investment_property|other_operate_cash_paid|subtotal_operate_cash_outflow|net_operate_cash_flow|invest_cash_flow|invest_withdrawal_cash|invest_proceeds|other_cash_from_invest_act|gain_from_disposal|subtotal_invest_cash_inflow|inventories|fixed_assets|constru_in_process|intangible_assets|trade_fee|long_deferred_expense|fixed_assets_liquidation|independent_account_asset|deferred_tax_assets|other_asset|total_assets|borrowing_from_centralbank|deposit_in_ib_and_other|shortterm_loan|loan_pledge|borrowing_capital|fairvalue_financial_liability|derivative_financial_liability|sold_buyback_secu_proceeds|deposit_absorb|proxy_secu_proceeds|proxy_sell_proceeds|notes_payable|advance_peceipts|insurance_receive_early|commission_payable|insurance_payable|salaries_payable|taxs_payable|interest_payable|proxy_liability|estimate_liability|compensation_payable|interest_insurance_payable|investment_money|not_time_reserve|not_decide_reserve|live_reserve|longterm_reserve|longterm_loan|bonds_payable|independent_account|deferred_tax_liability|other_liability|total_liability|paidin_capital|capital_reserve_fund|treasury_stock|surplus_reserve_fund|equities_parent_company_owners|retained_profit|minority_interests|currency_mis|total_owner_equities|total_liability_equity|perferred_share_liability|account_receivable|other_equity_tools|perferred_share_equity|pep_debt_equity|other_comprehensive_income|good_will|shortterm_loan_payable|accounts_payable|ordinary_risk_reserve_fund|contract_assets|hold_sale_asset|bond_invest|other_bond_invest|other_equity_tools_invest|contract_liability|usufruct_assets|liease_liability,estimate,128,8,FINANCE_BALANCE_SHEET
id|company_id|company_name|code|a_code|b_code|h_code|pub_date|start_date|end_date|report_date|report_type|source_id|source|deposit_in_ib|cash_equivalents|deposit_client|cash_in_cb|settlement_provi|settlement_provi_client|metal|lend_capital|fairvalue_fianancial_asset|other_grow_asset|bought_sellback_assets|interest_receivable|insurance_receivables|recover_receivable|separate_receivable|not_time_fund|not_decide_fund|response_fund|health_fund|margin_loan|deposit_period|loan_and_advance|margin_out|agent_asset|investment_reveiable|advance_payment|hold_for_sale_assets|hold_to_maturity_investments|longterm_equity_invest|finance_out|capital_margin_out|investment_property|other_operate_cash_paid|subtotal_operate_cash_outflow|net_operate_cash_flow|invest_cash_flow|invest_withdrawal_cash|invest_proceeds|other_cash_from_invest_act|gain_from_disposal|subtotal_invest_cash_inflow|inventories|fixed_assets|constru_in_process|intangible_assets|trade_fee|long_deferred_expense|fixed_assets_liquidation|independent_account_asset|deferred_tax_assets|other_asset|total_assets|borrowing_from_centralbank|deposit_in_ib_and_other|shortterm_loan|loan_pledge|borrowing_capital|fairvalue_financial_liability|derivative_financial_liability|sold_buyback_secu_proceeds|deposit_absorb|proxy_secu_proceeds|proxy_sell_proceeds|notes_payable|advance_peceipts|insurance_receive_early|commission_payable|insurance_payable|salaries_payable|taxs_payable|interest_payable|proxy_liability|estimate_liability|compensation_payable|interest_insurance_payable|investment_money|not_time_reserve|not_decide_reserve|live_reserve|longterm_reserve|longterm_loan|bonds_payable|independent_account|deferred_tax_liability|other_liability|total_liability|paidin_capital|capital_reserve_fund|treasury_stock|surplus_reserve_fund|equities_parent_company_owners|retained_profit|minority_interests|currency_mis|total_owner_equities|total_liability_equity|perferred_share_liability|account_receivable|other_equity_tools|perferred_share_equity|pep_debt_equity|other_comprehensive_income|good_will|shortterm_loan_payable|accounts_payable|ordinary_risk_reserve_fund|contract_assets|hold_sale_asset|bond_invest|other_bond_invest|other_equity_tools_invest|contract_liability|usufruct_assets|liease_liability,estimate,128,8,FINANCE_BALANCE_SHEET_PARENT
id|company_id|company_name|code|a_code|b_code|h_code|pub_date|start_date|end_date|report_date|report_type|source_id|source|cash_equivalents|trading_assets|bill_receivable|account_receivable|advance_payment|other_receivable|affiliated_company_receivable|interest_receivable|dividend_receivable|inventories|expendable_biological_asset|non_current_asset_in_one_year|total_current_assets|hold_for_sale_assets|hold_to_maturity_investments|longterm_receivable_account|longterm_equity_invest|investment_property|fixed_assets|constru_in_process|construction_materials|fixed_assets_liquidation|biological_assets|oil_gas_assets|intangible_assets|development_expenditure|good_will|long_deferred_expense|deferred_tax_assets|total_non_current_assets|total_assets|shortterm_loan|trading_liability|notes_payable|accounts_payable|advance_peceipts|salaries_payable|taxs_payable|interest_payable|dividend_payable|other_payable|affiliated_company_payable|non_current_liability_in_one_year|total_current_liability|longterm_loan|bonds_payable|longterm_account_payable|specific_account_payable|estimate_liability|deferred_tax_liability|total_non_current_liability|total_liability|paidin_capital|capital_reserve_fund|specific_reserves|surplus_reserve_fund|treasury_stock|retained_profit|equities_parent_company_owners|minority_interests|foreign_currency_report_conv_diff|irregular_item_adjustment|total_owner_equities|total_sheet_owner_equities|other_comprehensive_income|deferred_earning|settlement_provi|lend_capital|loan_and_advance_current_assets|derivative_financial_asset|insurance_receivables|reinsurance_receivables|reinsurance_contract_reserves_receivable|bought_sellback_assets|hold_sale_asset|loan_and_advance_noncurrent_assets|borrowing_from_centralbank|deposit_in_interbank|borrowing_capital|derivative_financial_liability|sold_buyback_secu_proceeds|commission_payable|reinsurance_payables|insurance_contract_reserves|proxy_secu_proceeds|receivings_from_vicariously_sold_securities|hold_sale_liability|estimate_liability_current|deferred_earning_current|preferred_shares_noncurrent|pepertual_liability_noncurrent|longterm_salaries_payable|other_equity_tools|preferred_shares_equity|pepertual_liability_equity|bill_and_account_receivable|bill_and_account_payable|receivable_fin|usufruct_assets|other_current_assets|other_non_current_assets|other_current_liability|other_non_current_liability|ordinary_risk_reserve_fund|contract_assets|bond_invest|other_bond_invest|other_equity_tools_invest|other_non_current_financial_assets|contract_liability|lease_liability,estimate,125,8,STK_BALANCE_SHEET
id|company_id|company_name|code|a_code|b_code|h_code|pub_date|start_date|end_date|report_date|report_type|source_id|source|cash_equivalents|trading_assets|bill_receivable|account_receivable|advance_payment|other_receivable|affiliated_company_receivable|interest_receivable|dividend_receivable|inventories|expendable_biological_asset|non_current_asset_in_one_year|total_current_assets|hold_for_sale_assets|hold_to_maturity_investments|longterm_receivable_account|longterm_equity_invest|investment_property|fixed_assets|constru_in_process|construction_materials|fixed_assets_liquidation|biological_assets|oil_gas_assets|intangible_assets|development_expenditure|good_will|long_deferred_expense|deferred_tax_assets|total_non_current_assets|total_assets|shortterm_loan|trading_liability|notes_payable|accounts_payable|advance_peceipts|salaries_payable|taxs_payable|interest_payable|dividend_payable|other_payable|affiliated_company_payable|non_current_liability_in_one_year|total_current_liability|longterm_loan|bonds_payable|longterm_account_payable|specific_account_payable|estimate_liability|deferred_tax_liability|total_non_current_liability|total_liability|paidin_capital|capital_reserve_fund|specific_reserves|surplus_reserve_fund|treasury_stock|retained_profit|equities_parent_company_owners|minority_interests|foreign_currency_report_conv_diff|irregular_item_adjustment|total_owner_equities|total_sheet_owner_equities|other_comprehensive_income|deferred_earning|settlement_provi|lend_capital|loan_and_advance_current_assets|derivative_financial_asset|insurance_receivables|reinsurance_receivables|reinsurance_contract_reserves_receivable|bought_sellback_assets|hold_sale_asset|loan_and_advance_noncurrent_assets|borrowing_from_centralbank|deposit_in_interbank|borrowing_capital|derivative_financial_liability|sold_buyback_secu_proceeds|commission_payable|reinsurance_payables|insurance_contract_reserves|proxy_secu_proceeds|receivings_from_vicariously_sold_securities|hold_sale_liability|estimate_liability_current|deferred_earning_current|preferred_shares_noncurrent|pepertual_liability_noncurrent|longterm_salaries_payable|other_equity_tools|preferred_shares_equity|pepertual_liability_equity|bill_and_account_receivable|bill_and_account_payable|receivable_fin|usufruct_assets|other_current_assets|other_non_current_assets|other_current_liability|other_non_current_liability|ordinary_risk_reserve_fund|contract_assets|bond_invest|other_bond_invest|other_equity_tools_invest|other_non_current_financial_assets|contract_liability|lease_liability,estimate,125,8,STK_BALANCE_SHEET_PARENT
id|company_id|company_name|code|a_code|b_code|h_code|pub_date|start_date|end_date|report_date|report_type|source_id|source|operating_revenue|interest_net_revenue|interest_income|interest_expense|commission_net_income|commission_income|commission_expense|agent_security_income|sell_security_income|manage_income|premiums_earned|assurance_income|premiums_income|premiums_expense|prepare_money|investment_income|invest_income_associates|fair_value_variable_income|exchange_income|other_income|operation_expense|refunded_premiums|compensate_loss|compensation_back|insurance_reserve|insurance_reserve_back|policy_dividend_payout|reinsurance_cost|operating_tax_surcharges|commission_expense2|operation_manage_fee|separate_fee|asset_impairment_loss|other_cost|operating_profit|subsidy_income|non_operating_revenue|non_operating_expense|other_items_influenced_profit|total_profit|income_tax_expense|other_influence_net_profit|net_profit|np_parent_company_owners|minority_profit|eps|basic_eps|diluted_eps|other_composite_income|total_composite_income|ci_parent_company_owners|ci_minority_owners|other_earnings|asset_deal_income|sust_operate_net_profit|discon_operate_net_profit|credit_impairment_loss,rating,71,6,FINANCE_INCOME_STATEMENT
id|company_id|company_name|code|a_code|b_code|h_code|pub_date|start_date|end_date|report_date|report_type|source_id|source|operating_revenue|interest_net_revenue|interest_income|interest_expense|commission_net_income|commission_income|commission_expense|agent_security_income|sell_security_income|manage_income|premiums_earned|assurance_income|premiums_income|premiums_expense|prepare_money|investment_income|invest_income_associates|fair_value_variable_income|exchange_income|other_income|operation_expense|refunded_premiums|compensate_loss|compensation_back|insurance_reserve|insurance_reserve_back|policy_dividend_payout|reinsurance_cost|operating_tax_surcharges|commission_expense2|operation_manage_fee|separate_fee|asset_impairment_loss|other_cost|operating_profit|subsidy_income|non_operating_revenue|non_operating_expense|other_items_influenced_profit|total_profit|income_tax_expense|other_influence_net_profit|net_profit|np_parent_company_owners|minority_profit|eps|basic_eps|diluted_eps|other_composite_income|total_composite_income|ci_parent_company_owners|ci_minority_owners|other_earnings|asset_deal_income|sust_operate_net_profit|discon_operate_net_profit|credit_impairment_loss,rating,71,6,FINANCE_INCOME_STATEMENT_PARENT
id|company_id|company_name|code|a_code|b_code|h_code|start_date|end_date|source_id|source|eps|basic_eps|diluted_eps|adjusted_eps|retained_profit_per_share|bps|bps_adjusted|capital_reserve_fund_per_share|operating_profit_ratio|operating_tax_ratio|operating_cost_ratio|roe|investerment_gain_ratio|total_asset_return_ratio|net_profit_ratio|management_ratio|financial_ratio|cost_profit_ratio|three_expense_ratio|account_receivable_turnover_ratio|inventory_turnover_ratio|working_capital_turnover_ratio|total_assets_turnover_ratio|fixed_capital_turnover_ratio|account_receivable_turnover_days|inventory_turnover_days|current_assets_turnover_ratio|current_assets_turnover_days|total_assets_turnover_days|equities_turnover_ratio|current_assets_ratio|cash_equivalents_ratio|trading_assets_ratio|inventory_ratio|fixed_assets_ratio|debt_structure_ratio|equity_ratio|net_assets_ratio|debt_assets_ratio|current_ratio|quick_ratio|cash_ratio|interest_cover_ratio|operating_capital|non_current_liability_ratio|current_liability_ratio|conservative_quick_ratio|cash_to_maturity_debt_ratio|net_tangible_assets_debt_ratio|income_inc_ratio|net_profit_inc_ratio|net_assets_inc_ratio|fixed_assets_inc_ratio|total_assets_inc_ratio|investment_gain_inc_ratio|operating_profit_inc_ratio|cash_flow_per_share|ocf_per_share|net_operating_cash_short_debt_ratio|net_operating_cash_total_debt_ratio|nocf_net_profit_ratio|income_cash_ratio|total_assetsl_cash_return_ratio|operating_revenue|operating_cost|sale_expense|administration_expense|financial_expense|three_expenses_sum|net_fair_value_variable_income|investment_income|operating_profit|subsidy_income|non_operating_net_revenue|total_profit|net_profit|np_parent_company_owners|adjust_profit|non_recurring_income_sum|net_operate_cash_flow|net_invest_cash_flow|net_finance_cash_flow|cash_equivalent_increase|cash_equivalents|trading_assets|account_receivable|inventory|total_current_assets|investment_property|good_will|fixed_assets|total_non_current_asset|total_asset|total_current_liability|total_non_current_liability|total_liability|capital|capital_reserve_fund|surplus_reserve_fund|treasury_stock|retained_profit|equities_parent_company_owners|minority_interests|total_owner_equities,rating,115,6,STK_FINANCIAL_INDICATOR_CALCULATE
id|company_id|company_name|code|a_code|b_code|h_code|pub_date|start_date|end_date|report_date|report_type|source_id|source|total_operating_revenue|operating_revenue|total_operating_cost|operating_cost|operating_tax_surcharges|sale_expense|administration_expense|exploration_expense|financial_expense|asset_impairment_loss|fair_value_variable_income|investment_income|invest_income_associates|exchange_income|other_items_influenced_income|operating_profit|subsidy_income|non_operating_revenue|non_operating_expense|disposal_loss_non_current_liability|other_items_influenced_profit|total_profit|income_tax|other_items_influenced_net_profit|net_profit|np_parent_company_owners|minority_profit|eps|basic_eps|diluted_eps|other_composite_income|total_composite_income|ci_parent_company_owners|ci_minority_owners|interest_income|premiums_earned|commission_income|interest_expense|commission_expense|refunded_premiums|net_pay_insurance_claims|withdraw_insurance_contract_reserve|policy_dividend_payout|reinsurance_cost|non_current_asset_disposed|other_earnings|rd_expenses|asset_deal_income|sust_operate_net_profit|discon_operate_net_profit|credit_impairment_loss|net_open_hedge_income|interest_cost_fin|interest_income_fin,rating,68,6,STK_INCOME_STATEMENT
id|company_id|company_name|code|a_code|b_code|h_code|pub_date|start_date|end_date|report_date|report_type|source_id|source|total_operating_revenue|operating_revenue|total_operating_cost|operating_cost|operating_tax_surcharges|sale_expense|administration_expense|exploration_expense|financial_expense|asset_impairment_loss|fair_value_variable_income|investment_income|invest_income_associates|exchange_income|other_items_influenced_income|operating_profit|subsidy_income|non_operating_revenue|non_operating_expense|disposal_loss_non_current_liability|other_items_influenced_profit|total_profit|income_tax|other_items_influenced_net_profit|net_profit|np_parent_company_owners|minority_profit|eps|basic_eps|diluted_eps|other_composite_income|total_composite_income|ci_parent_company_owners|ci_minority_owners|interest_income|premiums_earned|commission_income|interest_expense|commission_expense|refunded_premiums|net_pay_insurance_claims|withdraw_insurance_contract_reserve|policy_dividend_payout|reinsurance_cost|non_current_asset_disposed|other_earnings|rd_expenses|asset_deal_income|sust_operate_net_profit|discon_operate_net_profit|credit_impairment_loss|net_open_hedge_income|interest_cost_fin|interest_income_fin,rating,68,6,STK_INCOME_STATEMENT_PARENT
id|company_id|company_name|code|pub_date|shareholder_name|expected_unlimited_date|expected_unlimited_number|expected_unlimited_ratio|actual_unlimited_date|actual_unlimited_number|actual_unlimited_ratio|limited_reason_id|limited_reason|trade_condition,expect,15,6,STK_LIMITED_SHARES_LIST
id|company_id|company_name|code|name|pub_date|start_date|end_date|report_date|report_type|total_operating_revenue|operating_revenue|operating_profit|total_profit|np_parent_company_owners|total_assets|equities_parent_company_owners|basic_eps|weight_roe,rating,19,6,STK_PERFORMANCE_LETTERS
id|day|title|content,,4,0,CCTV_NEWS
id|index_code|stock_code|end_date|weight,,5,0,CSI_WEIGHT_MONTH
id|company_id|company_name|code|a_code|b_code|h_code|pub_date|start_date|end_date|report_date|report_type|source_id|source|operate_cash_flow|net_loan_and_advance_decrease|net_deposit_increase|net_borrowing_from_central_bank|net_deposit_in_cb_and_ib_de|net_borrowing_from_finance_co|interest_and_commission_cashin|trade_asset_increase|net_increase_in_placements|net_buyback|tax_levy_refund|net_original_insurance_cash|insurance_cash_amount|net_insurer_deposit_investment|subtotal_operate_cash_inflow|net_loan_and_advance_increase|saving_clients_decrease_amount|net_deposit_in_cb_and_ib|central_borrowing_decrease|other_money_increase|purchase_trade_asset_increase|repurchase_decrease|handling_charges_and_commission|goods_and_services_cash_paid|goods_sale_and_service_render_cash|net_cash_re_insurance|reserve_investment_decrease|original_compensation_paid|policy_dividend_cash_paid|staff_behalf_paid|tax_payments|subtotal_operate_cash_outflow|net_operate_cash_flow|invest_cash_flow|invest_withdrawal_cash|invest_proceeds|gain_from_disposal|subtotal_invest_cash_inflow|invest_cash_paid|impawned_loan_net_increase|fix_intan_other_asset_acqui_cash|subtotal_invest_cash_outflow|net_invest_cash_flow|finance_cash_flow|cash_from_invest|cash_from_bonds_issue|cash_from_borrowing|subtotal_finance_cash_inflow|borrowing_repayment|dividend_interest_payment|subtotal_finance_cash_outflow|net_finance_cash_flow|exchange_rate_change_effect|other_reason_effect_cash|cash_equivalent_increase|cash_equivalents_at_beginning|cash_and_equivalents_at_end|net_profit_cashflow_adjustment|net_profit|assets_depreciation_reserves|fixed_assets_depreciation|intangible_assets_amortization|defferred_expense_amortization|fix_intan_other_asset_dispo_loss|fixed_asset_scrap_loss|fair_value_change_loss|financial_cost|invest_loss|deffered_tax_asset_decrease|deffered_tax_liability_increase|inventory_decrease|operate_receivables_decrease|operate_payable_increase|others|net_operate_cash_flow2|activities_not_relate_major|debt_to_capital|cbs_expiring_in_one_year|financial_lease_fixed_assets|change_info_cash|cash_at_end|cash_at_beginning|equivalents_at_end|equivalents_at_beginning|other_influence2|cash_equivalent_increase2|investment_property_depreciation|net_dec_finance_out|net_cash_received_from_proxy_secu|net_inc_finance_out|net_cash_paid_to_proxy_secu|net_dec_in_placements|credit_impairment_loss,,107,0,FINANCE_CASHFLOW_STATEMENT
id|company_id|company_name|code|a_code|b_code|h_code|pub_date|start_date|end_date|report_date|report_type|source_id|source|operate_cash_flow|net_loan_and_advance_decrease|net_deposit_increase|net_borrowing_from_central_bank|net_deposit_in_cb_and_ib_de|net_borrowing_from_finance_co|interest_and_commission_cashin|trade_asset_increase|net_increase_in_placements|net_buyback|tax_levy_refund|net_original_insurance_cash|insurance_cash_amount|net_insurer_deposit_investment|subtotal_operate_cash_inflow|net_loan_and_advance_increase|saving_clients_decrease_amount|net_deposit_in_cb_and_ib|central_borrowing_decrease|other_money_increase|purchase_trade_asset_increase|repurchase_decrease|handling_charges_and_commission|goods_and_services_cash_paid|goods_sale_and_service_render_cash|net_cash_re_insurance|reserve_investment_decrease|original_compensation_paid|policy_dividend_cash_paid|staff_behalf_paid|tax_payments|subtotal_operate_cash_outflow|net_operate_cash_flow|invest_cash_flow|invest_withdrawal_cash|invest_proceeds|gain_from_disposal|subtotal_invest_cash_inflow|invest_cash_paid|impawned_loan_net_increase|fix_intan_other_asset_acqui_cash|subtotal_invest_cash_outflow|net_invest_cash_flow|finance_cash_flow|cash_from_invest|cash_from_bonds_issue|cash_from_borrowing|subtotal_finance_cash_inflow|borrowing_repayment|dividend_interest_payment|subtotal_finance_cash_outflow|net_finance_cash_flow|exchange_rate_change_effect|other_reason_effect_cash|cash_equivalent_increase|cash_equivalents_at_beginning|cash_and_equivalents_at_end|net_profit_cashflow_adjustment|net_profit|assets_depreciation_reserves|fixed_assets_depreciation|intangible_assets_amortization|defferred_expense_amortization|fix_intan_other_asset_dispo_loss|fixed_asset_scrap_loss|fair_value_change_loss|financial_cost|invest_loss|deffered_tax_asset_decrease|deffered_tax_liability_increase|inventory_decrease|operate_receivables_decrease|operate_payable_increase|others|net_operate_cash_flow2|activities_not_relate_major|debt_to_capital|cbs_expiring_in_one_year|financial_lease_fixed_assets|change_info_cash|cash_at_end|cash_at_beginning|equivalents_at_end|equivalents_at_beginning|other_influence2|cash_equivalent_increase2|investment_property_depreciation|net_dec_finance_out|net_cash_received_from_proxy_secu|net_inc_finance_out|net_cash_paid_to_proxy_secu|net_dec_in_placements|credit_impairment_loss,,107,0,FINANCE_CASHFLOW_STATEMENT_PARENT
id|code|name|pub_date|event_id|event|distribution_date|process_id|process|proportion|split_ratio|record_date|ex_date|fund_paid_date|redeem_date|dividend_implement_date|dividend_cancel_date|otc_ex_date|pay_date|new_share_code|new_share_name,,21,0,FUND_DIVIDEND
id|code|name|period_start|period_end|pub_date|report_type_id|report_type|profit|adjust_profit|avg_profit|avg_roe|profit_available|profit_avaialbe_per_share|total_tna|nav|adjust_nav|nav_growth|acc_nav_growth|adjust_nav_growth|total_asset,,21,0,FUND_FIN_INDICATOR
id|code|name|pub_date|start_date|end_date|traced_index_name|traced_index_code,,8,0,FUND_INVEST_TARGET
id|main_code|statistics_main_code|name|advisor|trustee|operate_mode_id|operate_mode|underlying_asset_type_id|underlying_asset_type|invest_style_id|invest_style|start_date|end_date,,14,0,FUND_MAIN_INFO
id|code|name|end_date|weekly_yield|daily_profit,,6,0,FUND_MF_DAILY_PROFIT
id|code|day|net_value|sum_value|factor|acc_factor|refactor_net_value,,8,0,FUND_NET_VALUE
id|code|name|period_start|period_end|pub_date|report_type_id|report_type|equity_value|equity_rate|stock_value|stock_rate|fixed_income_value|fixed_income_rate|precious_metal_value|precious_metal_rate|derivative_value|derivative_rate|buying_back_value|buying_back_rate|deposit_value|deposit_rate|others_value|others_rate|total_asset|CDR_value|CDR_rate|fund_value|fund_rate|mm_inst_value|mm_inst_rate|REIT_value|REIT_rate|preferred_value|preferred_rate,,35,0,FUND_PORTFOLIO
id|code|period_start|period_end|pub_date|report_type_id|report_type|rank|symbol|name|shares|market_cap|proportion,,13,0,FUND_PORTFOLIO_BOND
id|code|period_start|period_end|pub_date|report_type_id|report_type|rank|symbol|name|shares|market_cap|proportion,,13,0,FUND_PORTFOLIO_STOCK
id|code|report_type_id|report_type|start_date|end_date|declare_date,,7,0,FUND_REPORT_DATE
id|code|name|exchange_code|date|shares,,6,0,FUND_SHARE_DAILY
id|code|name|period_start|period_end|pub_date|report_type_id|report_type|end_share|start_share|purchase_share|redeem_share|change_share,,13,0,FUND_SHARE_INFO
id|code|full_name|short_name|main_code|main_name|advisor|trustee|operate_mode_id|operate_mode|underlying_asset_type_id|underlying_asset_type|start_date|duration|duration_start_date|duration_end_date|end_date,,17,0,FUND_UNIT_INFO
id|day|code|exchange|exchange_name|unit|clearance_charge|opening_charge|short_clearance_charge|short_opening_charge,,10,0,FUT_CHARGE
id|code|name|day|open|close|low|high|volume|change_pct|amplitude|pre_close,,12,0,FUT_GLOBAL_DAILY
id|day|code|exchange|exchange_name|specul_buy_margin_rate|specul_sell_margin_rate|hedg_buy_margin_rate|hedg_sell_margin_rate,,9,0,FUT_MARGIN
id|day|code|exchange|exchange_name|underlying_code|underlying_name|rank_type_ID|rank_type|rank|member_name|indicator|indicator_increase,,13,0,FUT_MEMBER_POSITION_RANK
id|scope|code|indicator|value|start_date|end_date|unit,,8,0,FUT_TRADE_INDICATOR
id|day|exchange|exchange_name|underlying_code|product_name|warehouse_name|warehouse_receipt_number|unit|warehouse_receipt_number_increase,,10,0,FUT_WAREHOUSE_RECEIPT
id|code|name|day|open|close|low|high|volume|change_pct|pre_close,,11,0,GLOBAL_IDX_DAILY
id|index_code|stock_code|end_date|weight,,5,0,IDX_WEIGHT_MONTH
id|code|day|direction|rank|abnormal_code|abnormal_name|sales_depart_name|buy_value|buy_rate|sell_value|sell_rate|total_value|net_value|amount,,15,0,STK_ABNORMAL
id|day|name|a_code|h_code|a_price|h_price|a_quote_change|h_quote_change|h_a_comp,,10,0,STK_AH_PRICE_COMP
id|code|pub_date|end_date|report_type|accounting_firm|accountant|opinion_type_id|opinion_type,,9,0,STK_AUDIT_OPINION
id|company_id|company_name|code|change_date|pub_date|change_reason_id|change_reason|share_total|share_non_trade|share_start|share_nation|share_nation_legal|share_instate_legal|share_outstate_legal|share_natural|share_raised|share_inside|share_convert|share_perferred|share_other_nontrade|share_limited|share_legal_issue|share_strategic_investor|share_fund|share_normal_legal|share_other_limited|share_nation_limited|share_nation_legal_limited|other_instate_limited|legal_of_other_instate_limited|natural_of_other_instate_limited|outstate_limited|legal_of_outstate_limited|natural_of_outstate_limited|share_trade_total|share_rmb|share_b|share_b_limited|share_h|share_h_limited|share_management|share_management_limited|share_other_trade|control_shareholder_limited|core_employee_limited|individual_fund_limited|other_legal_limited|other_limited,,49,0,STK_CAPITAL_CHANGE
id|company_id|company_name|code|a_code|b_code|h_code|pub_date|start_date|end_date|report_date|report_type|source_id|source|goods_sale_and_service_render_cash|tax_levy_refund|subtotal_operate_cash_inflow|goods_and_services_cash_paid|staff_behalf_paid|tax_payments|subtotal_operate_cash_outflow|net_operate_cash_flow|invest_withdrawal_cash|invest_proceeds|fix_intan_other_asset_dispo_cash|net_cash_deal_subcompany|subtotal_invest_cash_inflow|fix_intan_other_asset_acqui_cash|invest_cash_paid|impawned_loan_net_increase|net_cash_from_sub_company|subtotal_invest_cash_outflow|net_invest_cash_flow|cash_from_invest|cash_from_borrowing|cash_from_bonds_issue|subtotal_finance_cash_inflow|borrowing_repayment|dividend_interest_payment|subtotal_finance_cash_outflow|net_finance_cash_flow|exchange_rate_change_effect|other_reason_effect_cash|cash_equivalent_increase|cash_equivalents_at_beginning|cash_and_equivalents_at_end|net_profit|assets_depreciation_reserves|fixed_assets_depreciation|intangible_assets_amortization|defferred_expense_amortization|fix_intan_other_asset_dispo_loss|fixed_asset_scrap_loss|fair_value_change_loss|financial_cost|invest_loss|deffered_tax_asset_decrease|deffered_tax_liability_increase|inventory_decrease|operate_receivables_decrease|operate_payable_increase|others|net_operate_cash_flow_indirect|debt_to_capital|cbs_expiring_in_one_year|financial_lease_fixed_assets|cash_at_end|cash_at_beginning|equivalents_at_end|equivalents_at_beginning|other_reason_effect_cash_indirect|cash_equivalent_increase_indirect|net_deposit_increase|net_borrowing_from_central_bank|net_borrowing_from_finance_co|net_original_insurance_cash|net_cash_received_from_reinsurance_business|net_insurer_deposit_investment|net_deal_trading_assets|interest_and_commission_cashin|net_increase_in_placements|net_buyback|net_loan_and_advance_increase|net_deposit_in_cb_and_ib|original_compensation_paid|handling_charges_and_commission|policy_dividend_cash_paid|cash_from_mino_s_invest_sub|proceeds_from_sub_to_mino_s|investment_property_depreciation|credit_impairment_loss,,91,0,STK_CASHFLOW_STATEMENT
id|company_id|company_name|code|a_code|b_code|h_code|pub_date|start_date|end_date|report_date|report_type|source_id|source|goods_sale_and_service_render_cash|tax_levy_refund|subtotal_operate_cash_inflow|goods_and_services_cash_paid|staff_behalf_paid|tax_payments|subtotal_operate_cash_outflow|net_operate_cash_flow|invest_withdrawal_cash|invest_proceeds|fix_intan_other_asset_dispo_cash|net_cash_deal_subcompany|subtotal_invest_cash_inflow|fix_intan_other_asset_acqui_cash|invest_cash_paid|impawned_loan_net_increase|net_cash_from_sub_company|subtotal_invest_cash_outflow|net_invest_cash_flow|cash_from_invest|cash_from_borrowing|cash_from_bonds_issue|subtotal_finance_cash_inflow|borrowing_repayment|dividend_interest_payment|subtotal_finance_cash_outflow|net_finance_cash_flow|exchange_rate_change_effect|other_reason_effect_cash|cash_equivalent_increase|cash_equivalents_at_beginning|cash_and_equivalents_at_end|net_profit|assets_depreciation_reserves|fixed_assets_depreciation|intangible_assets_amortization|defferred_expense_amortization|fix_intan_other_asset_dispo_loss|fixed_asset_scrap_loss|fair_value_change_loss|financial_cost|invest_loss|deffered_tax_asset_decrease|deffered_tax_liability_increase|inventory_decrease|operate_receivables_decrease|operate_payable_increase|others|net_operate_cash_flow_indirect|debt_to_capital|cbs_expiring_in_one_year|financial_lease_fixed_assets|cash_at_end|cash_at_beginning|equivalents_at_end|equivalents_at_beginning|other_reason_effect_cash_indirect|cash_equivalent_increase_indirect|net_deposit_increase|net_borrowing_from_central_bank|net_borrowing_from_finance_co|net_original_insurance_cash|net_cash_received_from_reinsurance_business|net_insurer_deposit_investment|net_deal_trading_assets|interest_and_commission_cashin|net_increase_in_placements|net_buyback|net_loan_and_advance_increase|net_deposit_in_cb_and_ib|original_compensation_paid|handling_charges_and_commission|policy_dividend_cash_paid|cash_from_mino_s_invest_sub|proceeds_from_sub_to_mino_s|investment_property_depreciation|credit_impairment_loss,,91,0,STK_CASHFLOW_STATEMENT_PARENT
id|company_id|code|full_name|short_name|a_code|b_code|h_code|fullname_en|shortname_en|legal_representative|register_location|office_address|zipcode|register_capital|currency_id|currency|establish_date|website|email|contact_number|fax_number|main_business|business_scope|description|tax_number|license_number|pub_newspaper|pub_website|secretary|secretary_number|secretary_fax|secretary_email|security_representative|province_id|province|city_id|city|industry_id|industry_1|industry_2|cpafirm|lawfirm|ceo|comments,,45,0,STK_COMPANY_INFO
id|link_id|link_name|code|name_ch|name_en|exchange|change_date|direction,,9,0,STK_EL_CONST_CHANGE
id|day|link_id|link_name|rank|code|name|exchange|buy|sell|total,,11,0,STK_EL_TOP_ACTIVATE
id|company_id|code|name|end_date|pub_date|employee|retirement|graduate_rate|college_rate|middle_rate,,11,0,STK_EMPLOYEE_INFO
id|day|link_id|link_name|type_id|type,,6,0,STK_EXCHANGE_LINK_CALENDAR
id|day|link_id|link_name|domestic_currency|foreign_currency|refer_bid_rate|refer_ask_rate|settle_bid_rate|settle_ask_rate,,10,0,STK_EXCHANGE_LINK_RATE
id|exchange_code|exchange_name|date|total_market_cap|circulating_market_cap|volume|money|deal_number|pe_average|turnover_ratio,,11,0,STK_EXCHANGE_TRADE_INFO
id|company_id|company_name|code|a_code|b_code|h_code|pub_date|start_date|end_date|source_id|source|main_income_this_year|main_income_last_year|net_profit_this_year|net_profit_last_year|adjusted_profit_this_year|adjusted_profit_last_year|total_assets_this_year|total_assets_last_year|equities_this_year|equities_last_year|eps_this_year|eps_last_year|weighted_eps_this_year|weighted_eps_last_year|diluted_adjusted_eps_this_year|diluted_adjusted_eps_last_year|weighted_adjusted_eps_this_year|weighted_adjusted_eps_last_year|roe_this_year|roe_last_year|roe_weighted_this_year|roe_weighted_last_year|diluted_adjusted_roe_this_year|diluted_adjusted_roe_last_year|weighted_adjusted_roe_this_year|weighted_adjusted_roe_last_year|bps_this_year|bps_last_year|bps_adjusted_this_year|bps_adjusted_last_year|nocf_per_share_this_year|nocf_per_share_last_year|net_profit_standard|nocf_this_year|nocf_last_year|rd_expense|rd_expense_ratio|diluted_eps_this_year|diluted_eps_last_year,,51,0,STK_FINANCIAL_INDICATOR
id|company_id|code|name|end_date|report_type_id|report_type|pub_date|type_id|type|profit_min|profit_max|profit_last|profit_ratio_min|profit_ratio_max|content,,16,0,STK_FIN_FORCAST
id|day|link_id|link_name|code|name|share_number|share_ratio,,8,0,STK_HK_HOLD_INFO
id|day|code|name|market|zdf|ltsz|zsz|share_hold|share_sz|share_ltzb|share_zzb|share_hold_chg|share_sz_chg|share_sz_chg_rate|share_ltzb_chg|share_zzb_chg,,17,0,STK_HK_HOLD_INFO2
id|code|end_date|pub_date|share_holders|a_share_holders|b_share_holders|h_share_holders,,8,0,STK_HOLDER_NUM
id|company_id|company_name|code|pub_date|shareholder_name|actual_unlimited_date|actual_unlimited_number|actual_unlimited_ratio|limited_reason_id|limited_reason|actual_trade_number,,12,0,STK_LIMITED_SHARES_UNLIMIT
id|code|name|short_name|category|exchange|start_date|end_date|company_id|company_name|ipo_shares|book_price|par_value|state_id|state,,15,0,STK_LIST
id|code|day|num|rate1|rate2|reason_name|reason_id,,8,0,STK_LOCK_SHARES
id|company_id|company_name|code|pub_date|person_id|name|title_class_id|title_class|title|start_date|leave_date|leave_reason|on_job|gender|birth_year|highest_degree_id|highest_degree|title_level_id|title_level|profession_certificate_id|profession_certificate|nationality_id|nationality|security_career_start_year|resume,,26,0,STK_MANAGEMENT_INFO
id|day|link_id|link_name|currency_id|currency_name|buy_amount|buy_volume|sell_amount|sell_volume|sum_amount|sum_volume|quota|quota_balance|quota_daily|quota_daily_balance,,16,0,STK_ML_QUOTA
id|sec_code|date|change_pct|net_amount_main|net_pct_main|net_amount_xl|net_pct_xl|net_amount_l|net_pct_l|net_amount_m|net_pct_m|net_amount_s|net_pct_s,,14,0,STK_MONEY_FLOW
id|date|exchange_code|fin_value|fin_buy_value|sec_volume|sec_value|sec_sell_volume|fin_sec_value,,9,0,STK_MT_TOTAL
id|code|company_id|new_name|new_spelling|org_name|org_spelling|start_date|pub_date|reason,,10,0,STK_NAME_HISTORY
id|code|name|csrc_code|csrc_name|start_date|end_date,,7,0,STK_PLATE_CSRC_CONST
id|code|end_date|appoint_date|first_date|second_date|third_date|pub_date,,8,0,STK_REPORT_DISCLOSURE
id|company_id|company_name|code|pub_date|end_date|type|shareholder_id|shareholder_name|change_number|change_ratio|price_ceiling|after_change_ratio,,13,0,STK_SHAREHOLDERS_SHARE_CHANGE
id|company_id|company_name|code|end_date|pub_date|change_reason_id|change_reason|shareholder_rank|shareholder_id|shareholder_name|shareholder_name_en|shareholder_class_id|shareholder_class|share_number|share_ratio|sharesnature_id|sharesnature,,18,0,STK_SHAREHOLDER_FLOATING_TOP10
id|company_name|company_id|code|end_date|pub_date|change_reason_id|change_reason|shareholder_rank|shareholder_name|shareholder_name_en|shareholder_id|shareholder_class_id|shareholder_class|share_number|share_ratio|sharesnature_id|sharesnature|share_pledge_freeze|share_pledge|share_freeze,,21,0,STK_SHAREHOLDER_TOP10
id|company_id|company_name|pub_date|code|frozen_person_id|frozen_person|frozen_reason|frozen_share_nature_id|frozen_share_nature|frozen_number|frozen_total_ratio|freeze_applicant|freeze_executor|start_date|end_date|unfrozen_date|unfrozen_number|unfrozen_detail,,19,0,STK_SHARES_FROZEN
id|company_id|company_name|code|pub_date|pledgor_id|pledgor|pledgee|pledge_item|pledge_nature_id|pledge_nature|pledge_number|pledge_total_ratio|start_date|end_date|unpledged_date|unpledged_number|unpledged_detail|is_buy_back,,19,0,STK_SHARES_PLEDGE
id|company_id|code|name|pub_date|change_date|change_reason|change_type_id|change_type|comments|public_status_id|public_status,,12,0,STK_STATUS_CHANGE
id|code|name|sub_code|fx_zl|ws_fx_sl|purchase_limit|issue_price|purchase_date|zq_pub_date|zq_jkr_date,,11,0,STK_SUBSCRIBE
id|company_id|company_name|code|report_date|bonus_type|board_plan_pub_date|board_plan_bonusnote|distributed_share_base_board|shareholders_plan_pub_date|shareholders_plan_bonusnote|distributed_share_base_shareholders|implementation_pub_date|implementation_bonusnote|distributed_share_base_implement|dividend_ratio|transfer_ratio|bonus_ratio_rmb|bonus_ratio_usd|bonus_ratio_hkd|at_bonus_ratio_rmb|exchange_rate|dividend_number|transfer_number|bonus_amount_rmb|a_registration_date|b_registration_date|a_xr_date|b_xr_baseday|b_final_trade_date|a_bonus_date|b_bonus_date|dividend_arrival_date|a_increment_listing_date|b_increment_listing_date|total_capital_before_transfer|total_capital_after_transfer|float_capital_before_transfer|float_capital_after_transfer|note|a_transfer_arrival_date|b_transfer_arrival_date|b_dividend_arrival_date|note_of_no_dividend|plan_progress_code|plan_progress|bonus_cancel_pub_date,,47,0,STK_XR_XD
id|code|day|follower|new_follower|discussion|new_discussion|trade|new_trade,,9,0,STK_XUEQIU
id|code|day|follower|new_follower|discussion|new_discussion|trade|new_trade,,9,0,STK_XUEQIU_PUBLIC
id|date|code|name|open|high|low|close|volume|money|change_pct,,11,0,SW1_DAILY_PRICE
id|date|code|name|turnover_ratio|pe|pb|average_price|money_ratio|circulating_market_cap|average_circulating_market_cap|dividend_ratio,,12,0,SW1_DAILY_VALUATION
id|code|name|day|open|close|low|high|volume|change_pct|pre_close,,11,0,US_IDX_DAILY
